index,price
0,130.26
1,156.75
2,120.5
3,167.55
4,124.83
5,140.48
6,88.31933333333335
7,220.45
8,273.27
9,56.69
10,127.08
11,191.96
12,189.52
13,132.65
14,162.34
15,245.36
16,58.88
17,119.3
18,133.09
19,142.22
20,161.35399999999998
21,129.55
22,146.07
23,330.465
24,89.37666666666667
25,103.78
26,102.93
27,118.65
28,175.75
29,201.79
30,160.63
31,109.9
32,67.41
33,86.57
34,154.25
35,164.36628571428574
36,157.13
37,169.2
38,58.16
39,94.48
40,71.31
41,161.17
42,104.34
43,192.5
44,81.45
45,158.24
46,80.71
47,295.66
48,273.03
49,46.11
50,138.84
51,238.15
52,152.51
53,91.68
54,135.25
55,151.75
56,64.73
57,151.02
58,87.67
59,255.04
60,170.04
61,318.88
62,71.0
63,193.69
64,317.1
65,134.53
66,68.76
67,130.06
68,210.55666666666664
69,151.43
70,212.16
71,459.12
72,181.18
73,183.88
74,86.03
75,84.2
76,242.92
77,345.64
78,273.38
79,150.29
80,130.08042857142857
81,454.67
82,271.61
83,193.82
84,273.48
85,158.67
86,150.17
87,443.4
88,196.95
89,52.03
90,160.38
91,88.46
92,171.06
93,129.36
94,497.33
95,61.51
96,296.92
97,217.99
98,180.42
99,63.12
100,181.5
101,51.43
102,224.31
103,155.84
104,344.82
105,410.44
106,91.55
107,164.61866666666668
108,365.53
109,157.02166666666668
110,156.47
111,126.29
112,309.32
113,91.61
114,183.55
115,127.57
116,87.64
117,79.35
118,192.49
119,75.32
120,269.41
121,91.98
122,136.20333333333335
123,354.24
124,335.73
125,94.32
126,170.58
127,186.45
128,184.445
129,84.52766666666668
130,299.37
131,84.23
132,158.23
133,131.95
134,300.75
135,74.93
136,83.26
137,93.46
138,129.26
139,145.52
140,250.81
141,172.15
142,86.4
143,148.09
144,46.23
145,147.65
146,63.98
147,158.38
148,116.71
149,100.55
150,114.4
151,119.42
152,233.72
153,180.02
154,90.2
155,223.12
156,102.57
157,104.16
158,179.58
159,190.25
160,156.02
161,86.16
162,151.42
163,80.925
164,160.91333333333333
165,103.83
166,132.25
167,218.44
168,55.02
169,176.89
170,165.31
171,71.4
172,73.23
173,196.2
174,86.89
175,114.16
176,214.98
177,246.85
178,130.01
179,89.27
180,444.62
181,328.46
182,164.8
183,209.65
184,365.35
185,77.327
186,64.01
187,173.68666666666667
188,74.41
189,76.155
190,154.05
191,104.80333333333334
192,201.78
193,69.68
194,259.0575
195,242.67
196,181.69
197,258.65
198,57.99
199,91.11
200,93.82
201,149.28
202,145.63
203,91.68
204,85.2
205,138.77
206,72.1
207,240.38
208,201.08
209,106.73
210,112.97
211,99.88
212,113.29
213,117.27
214,138.7
215,119.95
216,83.15
217,190.94
218,64.81
219,96.66
220,127.11
221,420.23
222,292.87
223,127.63
224,126.82
225,96.43
226,190.01
227,233.53
228,103.23
229,101.08
230,435.65
231,171.87
232,126.94
233,199.37
234,155.55
235,84.94
236,92.47
237,191.82
238,134.47
239,203.19
240,160.18
241,146.43
242,165.8
243,96.74
244,412.87
245,252.78
246,289.82
247,189.66
248,301.76
249,122.96
250,88.69
251,207.4
252,115.54
253,112.96
254,177.605
255,201.17
256,98.43
257,59.64
258,157.84
259,83.97
260,84.13
261,115.08
262,110.32
263,48.06
264,251.26
265,75.52
266,173.21
267,107.77
268,186.37
269,305.5
270,210.39
271,154.846
272,209.18
273,247.76
274,108.07
275,115.68
276,117.22461904761906
277,92.84
278,148.93
279,106.1
280,214.38
281,109.51
282,87.73
283,104.24
284,216.56
285,81.26
286,135.08
287,76.71
288,122.52
289,99.54
290,76.77
291,83.15
292,276.7
293,226.5
294,145.97
295,68.43
296,135.78
297,120.88
298,57.51
299,134.91
300,199.26
301,335.07
302,70.3
303,161.79
304,133.71
305,90.01666666666668
306,136.81
307,179.07
308,162.9102380952381
309,305.4
310,154.28
311,197.21866666666668
312,225.91
313,235.68
314,153.28
315,113.09
316,69.67958333333334
317,101.35
318,115.15
319,73.04
320,146.53
321,115.58
322,115.78
323,266.872
324,166.66
325,98.82
326,384.08
327,107.47
328,184.57
329,387.84
330,205.09
331,57.8
332,161.475
333,105.43
334,176.68
335,56.49
336,57.27
337,77.35
338,326.4
339,171.53
340,83.72
341,105.77
342,205.61
343,174.32
344,155.55
345,181.68
346,196.42
347,169.82
348,213.54
349,248.76
350,98.99
351,107.36
352,241.73
353,153.46
354,250.84
355,202.25
356,87.22
357,155.5
358,209.24
359,174.34
360,173.05
361,125.94
362,218.64
363,156.54
364,242.71
365,109.28
366,67.83
367,185.29
368,91.14
369,144.26
370,92.68
371,219.73
372,114.73
373,260.9
374,284.94
375,85.33
376,90.12
377,99.02
378,183.16
379,111.01
380,58.01
381,176.47
382,332.71
383,164.11
384,108.7
385,78.78
386,102.01
387,116.71
388,133.2
389,186.44
390,118.79
391,166.07
392,203.81
393,109.31
394,176.66
395,92.52
396,298.31
397,187.37
398,103.44
399,244.29
400,160.21666666666667
401,92.53
402,146.63
403,120.92
404,103.47
405,178.69
406,179.485
407,93.12
408,206.61
409,77.45
410,67.59
411,192.41
412,89.47
413,173.6
414,130.51
415,179.09
416,162.98
417,136.04
418,205.56
419,239.94
420,159.33
421,74.31
422,181.14
423,258.99
424,116.81
425,240.72
426,200.82
427,192.305
428,160.59
429,272.56
430,54.45
431,97.92
432,114.51
433,154.17
434,82.74
435,88.68
436,130.99
437,163.27
438,77.25
439,267.75752380952383
440,77.71
441,111.48
442,210.09
443,61.52
444,193.4
445,104.07
446,196.94
447,163.18
448,183.79
449,47.16
450,234.71
451,218.63
452,122.37
453,147.54
454,300.4
455,264.365
456,146.61
457,67.26
458,270.66
459,163.07
460,180.59
461,82.05
462,89.9
463,79.73
464,155.78
465,112.63
466,185.14
467,67.88
468,124.45
469,164.47
470,145.25
471,138.63
472,453.54
473,233.47
474,92.3
475,326.75
476,115.37
477,109.36
478,59.04
479,86.60333333333334
480,86.51
481,54.25
482,136.9
483,75.67
484,94.46
485,238.73
486,106.02
487,115.7
488,123.59
489,76.92
490,76.78
491,213.35
492,156.08
493,157.05
494,93.45
495,104.42
496,321.29
497,163.82
498,320.73
499,346.205
500,149.09
501,91.54
502,196.34
503,400.63
504,227.15
505,145.2
506,148.65
507,79.7
508,250.94
509,78.94
510,102.79
511,106.78
512,85.3
513,311.89
514,104.3
515,113.0
516,131.05
517,194.37
518,79.44
519,79.54
520,193.35
521,100.56
522,153.73
523,83.3
524,138.09
525,276.84
526,149.49
527,57.45
528,166.07
529,77.91
530,132.08
531,114.06
532,224.45
533,67.88
534,63.16
535,87.46
536,252.15
537,164.645
538,93.8
539,191.84
540,94.01
541,241.49
542,61.39
543,130.68
544,78.55
545,186.25
546,99.82
547,109.04
548,73.11
549,284.08
550,155.68
551,156.355
552,155.59
553,150.12
554,342.59
555,85.89
556,209.14
557,89.81
558,202.33
559,124.18
560,227.46
561,261.95
562,240.62
563,200.52
564,60.13
565,119.303
566,148.95
567,269.35
568,304.04
569,390.17
570,134.25
571,76.15
572,171.76
573,165.91
574,86.34
575,178.57
576,68.23
577,328.54
578,216.28
579,86.9
580,105.6
581,106.88
582,158.14000000000001
583,89.89
584,247.82
585,175.84
586,368.95
587,71.83
588,115.54
589,90.8
590,193.82
591,233.56
592,130.15
593,64.9
594,119.02433333333333
595,338.81
596,182.13
597,78.62
598,81.96
599,154.11
600,261.23
601,199.21
602,267.9
603,130.35
604,149.92
605,179.79
606,82.35
607,154.71
608,302.51
609,133.08
610,185.15
611,159.43833333333333
612,347.68
613,196.48
614,130.77
615,155.25
616,161.11
617,230.58
618,126.91
619,316.96
620,142.00166666666667
621,108.15
622,82.95
623,56.42
624,238.23
625,191.13
626,207.88
627,115.11533333333333
628,309.15
629,128.85
630,152.52
631,64.26
632,85.54
633,225.67
634,122.12
635,153.85
636,105.47
637,124.67
638,134.89
639,62.69
640,57.64
641,287.91
642,241.81
643,86.94
644,96.5
645,133.65
646,91.54
647,133.94
648,142.87
649,99.83
650,458.68
651,166.73
652,124.4
653,71.63
654,191.59
655,87.17
656,114.21
657,135.79
658,88.16
659,100.48
660,107.51
661,192.3
662,176.43
663,83.44
664,88.87
665,158.38666666666666
666,476.24
667,202.76
668,188.51
669,165.89
670,132.59
671,183.86
672,91.05
673,138.11
674,48.86
675,153.16
676,412.26
677,108.57
678,177.85199999999998
679,134.16
680,66.45
681,112.29
682,75.79
683,62.22
684,270.01
685,256.85
686,117.315
687,386.14
688,142.73
689,199.64666666666668
690,132.97
691,91.71
692,101.59
693,115.89
694,106.28
695,61.71
696,124.77
697,399.32
698,100.17
699,80.33
700,93.36
701,114.39
702,159.05
703,143.09
704,164.92
705,123.43
706,59.45
707,230.32
708,95.44
709,218.0
710,143.1
711,238.6
712,76.62
713,137.191
714,60.72
715,139.784
716,230.4
717,122.81
718,89.86
719,242.28
720,155.24
721,138.61
722,251.72
723,94.02
724,112.04
725,127.19
726,192.63233333333335
727,107.77
728,161.05
729,185.31
730,127.03
731,122.71
732,111.31
733,184.55
734,147.73
735,160.73
736,174.52
737,234.03
738,265.23
739,176.4
740,76.51
741,63.06
742,182.98
743,160.03
744,178.25
745,179.25
746,61.0
747,114.48
748,144.55
749,142.86
750,202.09
751,313.01
752,152.91
753,106.60333333333332
754,165.57
755,185.71
756,59.85
757,339.67
758,156.6
759,94.13
760,110.69
761,108.47
762,111.59
763,102.06
764,97.6
765,84.51
766,161.96
767,81.83
768,104.46
769,87.26
770,47.74
771,93.52
772,129.81
773,104.76
774,118.86
775,105.56
776,148.86
777,67.92
778,115.21
779,408.8
780,95.36
781,121.84
782,107.28
783,97.17
784,190.84
785,336.3
786,159.85
787,314.37
788,437.33
789,70.01
790,351.8
791,179.73
792,155.46
793,167.69
794,124.88
795,93.66
796,158.82
797,134.16
798,206.27
799,106.55833333333334
800,156.33
801,271.84
802,301.05
803,80.7
804,156.11
805,126.29
806,79.38
807,204.88
808,173.0
809,87.55
810,119.06
811,201.58
812,283.94
813,75.34
814,75.92
815,359.12
816,96.57
817,142.32
818,185.18133333333336
819,163.84
820,123.86
821,136.15
822,57.39
823,165.92
824,238.99
825,71.84
826,97.87
827,291.98
828,86.03
829,122.43
830,108.74
831,283.15
832,75.66
833,287.51
834,91.46
835,183.51
836,198.39
837,78.41
838,141.334
839,66.57
840,174.18
841,177.54
842,92.43
843,103.35
844,97.54
845,134.79
846,87.77
847,248.72
848,230.94
849,175.34
850,110.37
851,101.94
852,156.83
853,107.94
854,182.54
855,59.93
856,105.9
857,283.158
858,398.15
859,107.83
860,159.5
861,101.71
862,61.61
863,83.77933333333334
864,144.78
865,176.72
866,144.38
867,97.96
868,102.5
869,173.82
870,186.49
871,192.02
872,78.74
873,179.24
874,88.77
875,171.35
876,273.04
877,101.78
878,155.59
879,254.49
880,88.8
881,52.06
882,190.519
883,145.73
884,72.98
885,185.5
886,104.30166666666665
887,83.74
888,95.99
889,141.05
890,91.54
891,249.38
892,94.89
893,360.68
894,105.3
895,130.07
896,324.77
897,82.59833333333331
898,191.09
899,143.86
900,93.14333333333332
901,284.2
902,281.99
903,86.65033333333332
904,163.43
905,186.88
906,230.57
907,148.9
908,179.69
909,195.39499999999995
910,230.07833333333335
911,179.34
912,78.22
913,290.38
914,99.69
915,97.7
916,111.94
917,260.67
918,138.566
919,149.73
920,256.95
921,406.985
922,167.78333333333336
923,112.08
924,110.44
925,212.31
926,310.3
927,244.11
928,365.71
929,274.48
930,183.3
931,292.31
932,129.37
933,314.22
934,170.46
935,280.76
936,305.84
937,88.66
938,225.38
939,210.52
940,87.3
941,86.15
942,125.52
943,105.72
944,91.0
945,124.8
946,83.37
947,152.95
948,277.7975
949,220.66
950,148.22
951,74.9
952,307.23
953,181.76
954,153.84
955,184.67
956,93.45
957,115.61
958,315.49
959,77.78
960,327.94
961,152.35
962,80.29
963,171.53
964,312.67
965,289.04
966,168.64
967,57.75
968,135.01
969,95.89
970,147.02
971,230.04666666666665
972,215.9
973,78.35
974,169.24
975,81.05
976,256.42
977,250.3
978,124.4
979,192.73
980,43.43
981,395.6
982,152.17
983,273.6625
984,315.61
985,110.03
986,196.28
987,182.94
988,79.865
989,159.21
990,186.98
991,204.43
992,112.99
993,77.99
994,213.86
995,164.99
996,109.51
997,135.378
998,116.48
999,194.25
1000,255.27
1001,92.53
1002,164.38
1003,467.8
1004,184.76
1005,234.14
1006,226.83
1007,103.71
1008,302.33
1009,76.922
1010,217.06
1011,84.36
1012,130.25
1013,416.27
1014,110.49
1015,197.37
1016,160.94
1017,150.04
1018,124.4
1019,98.93
1020,226.97
1021,272.88
1022,267.57
1023,305.06
1024,181.91
1025,195.79
1026,256.52
1027,236.41
1028,116.08
1029,337.54
1030,74.73
1031,161.72
1032,180.33
1033,271.1
1034,277.46
1035,118.19
1036,56.9
1037,135.37
1038,227.98
1039,239.08
1040,424.34
1041,161.95
1042,159.85628571428572
1043,76.14
1044,167.57
1045,192.7
1046,241.96
1047,131.35
1048,138.88
1049,163.17333333333335
1050,194.83
1051,200.04
1052,357.66
1053,215.78
1054,101.632
1055,334.92
1056,105.79
1057,147.47
1058,103.68
1059,354.04
1060,203.46
1061,144.5
1062,204.05
1063,85.05
1064,244.07
1065,146.35
1066,236.89
1067,172.63333333333333
1068,134.45
1069,122.4
1070,64.54
1071,101.74
1072,185.77583333333337
1073,105.08
1074,154.1
1075,99.56
1076,85.6
1077,150.0
1078,83.77
1079,69.53
1080,209.21
1081,156.53
1082,162.24
1083,357.54
1084,270.28
1085,76.16
1086,235.18
1087,98.51
1088,105.61
1089,238.87
1090,154.43
1091,144.2
1092,101.96
1093,330.67
1094,157.01333333333335
1095,92.6
1096,195.67
1097,93.28
1098,247.46
1099,286.35
1100,206.61
1101,137.14
1102,245.79
1103,156.15
1104,98.82
1105,408.76
1106,147.07
1107,177.44
1108,195.93
1109,256.09
1110,98.35
1111,185.57
1112,113.06
1113,206.18
1114,46.3
1115,292.51
1116,323.26
1117,108.42
1118,69.26
1119,92.87
1120,354.61
1121,184.18
1122,257.24
1123,230.46
1124,161.8811666666667
1125,73.68
1126,88.22
1127,131.98
1128,133.06
1129,72.27
1130,338.18
1131,66.53
1132,208.62
1133,132.67
1134,341.18
1135,147.09
1136,263.73
1137,137.14
1138,70.77
1139,184.6
1140,144.29
1141,160.77
1142,147.98
1143,147.37
1144,80.07
1145,81.76
1146,314.38
1147,109.12
1148,163.42
1149,420.2
1150,104.78
1151,90.1
1152,232.38033333333337
1153,90.18
1154,99.02
1155,150.59
1156,48.51
1157,183.17
1158,108.795
1159,116.55
1160,205.68
1161,88.49
1162,55.09
1163,237.29
1164,111.44
1165,277.55
1166,133.17
1167,336.03
1168,76.6
1169,77.96
1170,156.55
1171,134.64
1172,189.09
1173,143.27
1174,159.88
1175,178.56
1176,324.8
1177,148.6
1178,223.49
1179,178.3
1180,73.76
1181,215.81
1182,114.94
1183,183.64
1184,272.34
1185,155.584
1186,235.93
1187,96.07
1188,184.42
1189,116.53666666666666
1190,171.27
1191,79.51
1192,200.29
1193,109.98000000000002
1194,148.32
1195,187.27
1196,207.17
1197,101.21
1198,82.66
1199,110.18
1200,164.66666666666663
1201,181.4
1202,58.18
1203,122.62
1204,188.04
1205,126.41
1206,272.49
1207,189.95
1208,143.14
1209,128.29
1210,108.6
1211,135.79
1212,402.6
1213,151.11
1214,156.55
1215,86.62
1216,435.65
1217,155.92
1218,53.13
1219,150.51
1220,267.03
1221,94.02
1222,127.68
1223,155.44
1224,112.75
1225,283.77
1226,158.74
1227,204.65
1228,93.63
1229,121.9
1230,234.55599999999998
1231,246.7
1232,88.03
1233,139.44916666666668
1234,47.37
1235,382.75
1236,261.02
1237,271.15
1238,101.61
1239,107.43
1240,224.1
1241,163.04
1242,280.39
1243,125.4
1244,165.15
1245,91.53
1246,96.02
1247,154.12
1248,290.06
1249,120.62
1250,86.31
1251,54.58
1252,185.87650000000002
1253,86.07
1254,185.18
1255,71.95700000000002
1256,205.17
1257,184.79
1258,185.16
1259,99.37
1260,79.78
1261,160.3
1262,136.9
1263,347.89
1264,87.67
1265,139.02
1266,92.92
1267,85.29
1268,90.88
1269,123.01
1270,146.5
1271,129.21
1272,142.25
1273,103.43
1274,102.15
1275,171.63
1276,94.54
1277,385.19
1278,61.92
1279,207.44
1280,228.68
1281,84.89
1282,380.07
1283,205.47
1284,167.27
1285,126.38
1286,78.33
1287,196.72764285714285
1288,118.52
1289,113.65
1290,176.73
1291,184.59
1292,271.11
1293,268.98
1294,159.95
1295,244.48
1296,158.98499999999999
1297,58.56
1298,117.58
1299,287.87
1300,85.22
1301,150.73
1302,154.21
1303,123.52
1304,254.14
1305,147.91
1306,182.08
1307,219.86
1308,91.74
1309,88.69
1310,76.192
1311,78.34
1312,85.46
1313,166.42
1314,113.08666666666666
1315,209.4
1316,103.773
1317,177.76
1318,118.37
1319,107.48
1320,199.59
1321,204.03
1322,125.36
1323,107.39
1324,151.33
1325,148.05
1326,174.01
1327,110.04
1328,258.69
1329,103.42
1330,111.62
1331,132.52
1332,340.71
1333,193.3
1334,243.34666666666664
1335,298.34
1336,169.72
1337,82.25
1338,424.34
1339,178.32
1340,100.3
1341,72.663
1342,116.24
1343,321.6
1344,295.49
1345,122.97
1346,178.72
1347,195.37
1348,114.15
1349,193.29
1350,84.44
1351,104.44
1352,182.99
1353,108.19
1354,136.28
1355,110.0
1356,85.39
1357,158.84
1358,184.74
1359,202.13
1360,198.28
1361,325.17
1362,64.2
1363,156.894
1364,83.51
1365,65.97
1366,222.04
1367,151.8
1368,81.9
1369,118.59
1370,184.47
1371,260.0925
1372,304.77
1373,195.98
1374,112.70666666666668
1375,89.73
1376,86.25
1377,169.66
1378,86.15
1379,131.0
1380,230.74
1381,121.06
1382,121.43
1383,98.5
1384,108.06
1385,151.61
1386,110.63
1387,135.03
1388,103.28
1389,158.36
1390,164.08
1391,181.57
1392,134.05
1393,113.19
1394,194.44
1395,150.93
1396,436.29
1397,57.74
1398,301.84
1399,152.19
1400,128.12
1401,53.52
1402,131.12333333333333
1403,209.61
1404,111.52
1405,207.12
1406,181.8
1407,114.12
1408,67.84
1409,111.49
1410,135.2
1411,386.14
1412,110.19
1413,167.25
1414,182.23
1415,217.77
1416,379.02
1417,173.56799999999998
1418,171.04
1419,56.78
1420,211.99
1421,141.68
1422,271.48
1423,164.88128571428572
1424,337.09
1425,257.41
1426,79.18
1427,170.82
1428,127.61
1429,172.96
1430,237.96
1431,62.64
1432,115.81
1433,55.59
1434,55.07
1435,146.94916666666666
1436,239.19
1437,292.1
1438,113.4
1439,172.24
1440,153.16
1441,175.2076190476191
1442,102.1
1443,182.84
1444,113.76
1445,157.62
1446,55.47
1447,168.56
1448,88.53
1449,91.16
1450,275.04
1451,169.47
1452,95.56
1453,133.7
1454,103.16
1455,183.83
1456,273.49
1457,198.39
1458,241.12
1459,226.37
1460,456.67
1461,111.99
1462,111.15
1463,55.02
1464,89.15
1465,108.69
1466,156.58
1467,179.56
1468,192.29
1469,118.58
1470,197.79
1471,99.9
1472,99.5
1473,66.41
1474,164.95
1475,67.05
1476,115.58
1477,114.37
1478,107.86
1479,216.61
1480,130.82
1481,121.19
1482,108.09
1483,377.56
1484,80.46
1485,95.27
1486,214.92
1487,69.6
1488,99.17
1489,49.62
1490,68.78
1491,76.27
1492,164.9633333333333
1493,87.56
1494,110.66
1495,249.67
1496,77.57
1497,98.87
1498,100.26
1499,159.3
1500,115.39633333333333
1501,72.91
1502,408.394
1503,299.1475
1504,99.79
1505,112.61
1506,102.95
1507,186.02
1508,193.94
1509,142.9
1510,57.84
1511,191.8
1512,135.79
1513,221.36
1514,355.14
1515,172.83
1516,156.68
1517,83.26
1518,72.44
1519,140.69
1520,280.62
1521,158.37
1522,56.64
1523,195.86
1524,145.48
1525,165.74
1526,76.8
1527,94.78
1528,266.76
1529,244.93
1530,140.27
1531,84.49
1532,344.83
1533,114.62
1534,58.99
1535,108.06
1536,103.18
1537,80.479
1538,157.02
1539,399.96
1540,171.06
1541,166.845
1542,143.63
1543,82.68
1544,47.25
1545,130.59
1546,91.15
1547,242.25
1548,117.62
1549,89.92
1550,162.33666666666667
1551,333.94
1552,197.93
1553,81.54
1554,222.77
1555,277.17
1556,80.18
1557,162.61333333333334
1558,137.85
1559,331.35
1560,354.01
1561,154.5
1562,157.44
1563,166.86666666666665
1564,53.04
1565,71.74
1566,146.92
1567,156.59
1568,392.87
1569,136.09
1570,309.38
1571,108.9
1572,176.32
1573,55.57
1574,267.17
1575,145.39
1576,124.55
1577,110.28
1578,68.89
1579,188.56
1580,279.38
1581,208.31
1582,96.26
1583,176.06
1584,214.36
1585,179.50800000000004
1586,84.89
1587,234.09
1588,150.39
1589,115.98
1590,45.45
1591,63.13
1592,138.1
1593,87.99
1594,78.99
1595,88.44
1596,169.47
1597,158.79
1598,93.54
1599,87.57
1600,185.89
1601,160.04
1602,126.16
1603,90.91
1604,125.15
1605,123.05999999999999
1606,169.5
1607,186.4
1608,76.667
1609,115.31
1610,183.89
1611,116.31
1612,91.69
1613,151.13
1614,184.36
1615,92.32
1616,206.39
1617,146.41
1618,160.41
1619,84.25
1620,114.04
1621,171.38
1622,253.25
1623,146.57
1624,142.89
1625,102.68
1626,56.1
1627,111.4
1628,320.39
1629,134.79
1630,180.76
1631,52.9
1632,64.14
1633,120.09
1634,213.74
1635,202.43
1636,175.75
1637,67.09
1638,139.03285714285715
1639,94.58
1640,99.65
1641,312.77
1642,88.64
1643,84.78
1644,171.37
1645,223.18
1646,169.96
1647,77.99
1648,99.18
1649,104.49
1650,280.91
1651,92.58
1652,229.51
1653,295.14
1654,123.03666666666665
1655,72.26
1656,111.58
1657,242.86
1658,154.0
1659,178.17
1660,415.25
1661,173.9
1662,153.73
1663,72.03
1664,125.4
1665,260.81
1666,103.22
1667,102.45
1668,69.63
1669,186.03
1670,123.11
1671,109.06
1672,190.84
1673,194.18
1674,352.27
1675,93.21
1676,252.25235714285714
1677,89.64
1678,198.62
1679,159.3
1680,183.3
1681,133.13
1682,81.49
1683,134.47
1684,202.56
1685,197.05
1686,98.24
1687,127.83
1688,149.3
1689,113.71
1690,453.82
1691,177.11
1692,107.78
1693,138.82
1694,229.09
1695,161.67
1696,101.83
1697,109.9
1698,72.88
1699,94.34
1700,350.2
1701,230.65
1702,57.49
1703,95.97
1704,164.49
1705,249.45
1706,161.58
1707,64.07
1708,131.75
1709,82.48
1710,104.24
1711,137.74
1712,100.8
1713,186.8
1714,103.11
1715,213.66
1716,173.92
1717,194.29
1718,127.93
1719,125.43
1720,190.54
1721,104.08
1722,235.96
1723,111.99
1724,93.02
1725,115.16
1726,116.11
1727,60.11
1728,111.68
1729,82.56
1730,85.44
1731,172.14
1732,186.95
1733,213.58
1734,149.86
1735,111.77333333333333
1736,131.0
1737,198.44099999999997
1738,87.34
1739,80.0
1740,146.61
1741,162.92
1742,194.39
1743,60.93
1744,165.97
1745,120.35
1746,104.59
1747,123.3
1748,92.67
1749,69.49
1750,134.67
1751,223.26
1752,81.15
1753,112.78
1754,111.87
1755,182.95
1756,344.33
1757,131.81
1758,75.76
1759,210.25
1760,207.07
1761,102.26
1762,159.73
1763,96.46
1764,52.03
1765,238.75
1766,186.22
1767,51.02
1768,91.01
1769,112.61
1770,186.63
1771,165.1
1772,192.89
1773,181.31
1774,162.01166666666668
1775,76.667
1776,352.74
1777,86.55
1778,179.48
1779,144.68
1780,120.84
1781,200.87666666666664
1782,51.03
1783,322.94
1784,195.75
1785,186.3
1786,165.39
1787,56.55
1788,93.56
1789,242.45
1790,96.45
1791,93.68
1792,158.738
1793,176.78
1794,165.44
1795,169.86
1796,81.46
1797,160.44
1798,116.37
1799,96.55
1800,255.4505
1801,171.38
1802,265.18
1803,77.95
1804,86.44
1805,294.94
1806,162.9439761904762
1807,64.65
1808,263.11
1809,128.69
1810,196.372
1811,288.67
1812,242.64
1813,210.915
1814,176.63
1815,147.11
1816,115.4
1817,69.91
1818,156.5
1819,63.15
1820,70.75
1821,165.6
1822,359.18
1823,119.43
1824,139.73
1825,73.35
1826,111.98
1827,160.63666666666668
1828,139.54
1829,156.49
1830,55.51
1831,80.42
1832,105.5
1833,104.46
1834,108.25
1835,195.56
1836,51.79
1837,68.49
1838,218.51
1839,108.62
1840,227.32
1841,82.68
1842,108.69
1843,68.14
1844,296.16
1845,371.1
1846,192.09
1847,276.57
1848,162.81
1849,137.08
1850,74.0
1851,79.11
1852,350.71
1853,150.11
1854,152.48
1855,224.035
1856,287.54
1857,87.31
1858,156.1
1859,133.54
1860,97.39
1861,94.22
1862,215.94
1863,149.14
1864,131.93
1865,63.48
1866,125.87
1867,101.03
1868,111.38
1869,150.47
1870,131.99404761904762
1871,388.5291666666667
1872,71.22
1873,187.34
1874,63.69
1875,81.82
1876,104.18
1877,322.93
1878,92.62
1879,249.08
1880,133.99
1881,153.8
1882,110.31333333333332
1883,115.63
1884,105.25
1885,83.6
1886,107.74
1887,121.16
1888,159.48
1889,178.24
1890,98.23
1891,305.72
1892,106.97
1893,106.38
1894,228.48
1895,153.57
1896,135.23
1897,265.3
1898,76.77
1899,112.01
1900,161.04
1901,90.09
1902,67.73
1903,97.38
1904,209.07
1905,106.18
1906,120.96
1907,129.41
1908,119.81
1909,165.33
1910,267.73
1911,169.43333333333337
1912,163.49
1913,76.62
1914,196.1
1915,201.04
1916,340.93
1917,226.33
1918,121.9
1919,171.6
1920,219.12666666666664
1921,131.31
1922,163.76
1923,89.04
1924,59.21
1925,190.53
1926,73.64
1927,81.26
1928,281.55466666666666
1929,192.16
1930,103.66
1931,97.28
1932,166.28
1933,246.97916666666669
1934,185.6
1935,182.05
1936,257.35
1937,118.09
1938,149.08
1939,127.71
1940,196.80349999999999
1941,174.84
1942,153.59
1943,191.66
1944,91.36
1945,117.91
1946,287.74
1947,351.5
1948,93.16
1949,200.39
1950,88.61
1951,167.75
1952,88.33
1953,255.35
1954,151.32
1955,98.19
1956,60.46
1957,80.3
1958,249.93
1959,186.64
1960,166.39
1961,132.95
1962,174.01
1963,385.07
1964,79.57
1965,209.15
1966,239.89
1967,109.64
1968,56.53
1969,223.71
1970,161.38666666666666
1971,95.36
1972,92.9
1973,220.54
1974,224.28
1975,99.39
1976,122.22
1977,123.46
1978,178.05
1979,129.83
1980,224.04
1981,64.34
1982,213.24
1983,69.33
1984,335.3
1985,138.57
1986,62.97
1987,126.95
1988,232.38
1989,69.53
1990,110.77
1991,244.44
1992,100.04
1993,216.66
1994,67.24
1995,95.15
1996,157.29
1997,123.12
1998,112.59
1999,158.61
2000,207.18
2001,307.12
2002,173.56
2003,149.06
2004,416.43
2005,118.42
2006,94.55
2007,333.29
2008,101.05
2009,109.06
2010,290.06
2011,168.35
2012,238.1
2013,57.28
2014,161.79
2015,170.45
2016,71.89
2017,82.95
2018,131.00166666666667
2019,114.07
2020,412.0
2021,179.89
2022,324.01
2023,245.0195
2024,285.36
2025,79.13
2026,254.27
2027,386.46
2028,242.12
2029,163.98
2030,101.34
2031,161.9425
2032,173.645
2033,351.67
2034,68.34
2035,153.24
2036,109.41
2037,136.89
2038,323.58
2039,204.71
2040,127.22
2041,98.92
2042,120.53
2043,141.05
2044,80.11
2045,76.67
2046,286.35
2047,142.08
2048,259.18
2049,112.66
2050,104.04
2051,91.25
2052,164.32
2053,216.04
2054,140.75
2055,163.37
2056,195.98
2057,298.5
2058,197.48
2059,307.23
2060,66.28
2061,134.0
2062,73.65
2063,140.21
2064,129.6
2065,275.04
2066,232.78
2067,284.26
2068,92.02
2069,72.0
2070,247.33
2071,97.28
2072,345.31
2073,87.15083333333332
2074,203.21
2075,109.51
2076,106.11
2077,276.25
2078,148.76
2079,211.2
2080,47.87
2081,119.99
2082,240.91
2083,202.03
2084,97.01
2085,156.33
2086,321.19
2087,242.3998333333333
2088,123.76
2089,88.85
2090,261.1
2091,186.51
2092,71.13
2093,424.51
2094,187.87
2095,156.05566666666667
2096,174.49
2097,100.17
2098,122.1
2099,173.34
2100,75.04
2101,158.18
2102,233.165
2103,210.85
2104,409.43
2105,192.69
2106,106.37
2107,112.26
2108,376.1916666666667
2109,80.47
2110,198.04
2111,169.21
2112,233.74
2113,240.4
2114,156.64
2115,285.59
2116,109.76
2117,89.47
2118,127.26
2119,245.01
2120,261.12
2121,68.89
2122,209.93
2123,120.02
2124,161.83
2125,207.82
2126,139.325
2127,228.86
2128,129.85
2129,352.38
2130,224.37
2131,158.98
2132,241.79
2133,100.31
2134,86.05
2135,124.66
2136,149.06
2137,83.5
2138,112.41
2139,129.74
2140,322.58
2141,303.99
2142,188.48
2143,404.59
2144,89.23
2145,175.35571428571427
2146,100.75
2147,133.12
2148,109.45
2149,82.58
2150,411.93
2151,107.24
2152,155.69
2153,195.47
2154,151.53
2155,84.92
2156,156.8
2157,100.47
2158,176.26
2159,176.89
2160,61.52
2161,279.57
2162,166.02
2163,68.92
2164,241.53
2165,113.12
2166,298.18
2167,91.43
2168,244.53
2169,161.345
2170,193.71
2171,284.64
2172,88.93
2173,328.29
2174,79.22
2175,173.09
2176,453.54
2177,84.38
2178,301.67
2179,135.64
2180,70.34
2181,111.96
2182,81.88433333333333
2183,129.395
2184,72.12
2185,132.88
2186,75.92
2187,89.17
2188,303.26
2189,129.76
2190,107.73
2191,154.24
2192,83.62
2193,113.65
2194,269.74
2195,83.1
2196,201.57
2197,129.18
2198,103.09
2199,382.44
2200,161.58
2201,148.47
2202,96.63
2203,147.8
2204,112.83
2205,155.1
2206,58.94
2207,197.7
2208,160.09
2209,107.48
2210,167.46
2211,147.79833333333335
2212,113.53
2213,104.06
2214,93.0
2215,74.28
2216,247.79
2217,249.74
2218,80.92
2219,212.9
2220,155.3
2221,79.39
2222,126.75
2223,260.09
2224,120.53
2225,100.77
2226,188.97
2227,82.00166666666667
2228,109.02
2229,168.53
2230,57.84
2231,146.76
2232,135.53833333333333
2233,172.68
2234,172.51
2235,253.63
2236,135.85916666666668
2237,44.42
2238,249.3
2239,89.035
2240,69.91
2241,453.21
2242,107.64
2243,127.12
2244,86.17
2245,87.26
2246,349.93
2247,207.79
2248,85.84
2249,247.86
2250,224.79
2251,158.2
2252,151.65
2253,196.35
2254,124.22
2255,136.09833333333336
2256,105.45
2257,168.04
2258,155.19
2259,88.02
2260,134.15
2261,70.27
2262,185.81
2263,112.36
2264,99.57
2265,178.51
2266,69.33
2267,202.02
2268,95.38
2269,227.77
2270,255.32
2271,57.45
2272,102.56
2273,83.17183333333334
2274,71.43
2275,76.71
2276,109.72
2277,178.94133333333335
2278,148.61
2279,99.84
2280,181.6
2281,324.59
2282,170.59
2283,119.35
2284,90.77
2285,160.52
2286,512.37
2287,506.96
2288,261.18
2289,73.68
2290,55.11
2291,154.02
2292,97.32
2293,133.74
2294,91.56
2295,187.24
2296,81.33
2297,149.77
2298,97.81
2299,65.2
2300,304.28
2301,183.19
2302,67.13
2303,98.22
2304,131.8
2305,251.28
2306,253.19
2307,136.85
2308,236.16
2309,88.23
2310,103.4
2311,254.22300000000004
2312,114.0
2313,50.68
2314,76.19
2315,371.65
2316,215.69
2317,210.38
2318,178.73
2319,333.43
2320,140.9
2321,291.56
2322,192.96
2323,70.64
2324,88.93
2325,137.06
2326,184.84
2327,87.7
2328,201.36
2329,94.82
2330,161.99
2331,85.55666666666667
2332,91.31
2333,195.9
2334,146.23
2335,104.78
2336,133.87
2337,113.19
2338,234.64
2339,80.71
2340,59.8
2341,167.175
2342,79.55
2343,82.94
2344,201.09
2345,310.92
2346,56.74
2347,93.79
2348,219.18
2349,73.6
2350,113.88
2351,180.17
2352,233.1
2353,266.355
2354,76.46
2355,88.3
2356,82.17
2357,346.47
2358,132.0
2359,122.93
2360,88.67
2361,89.36
2362,227.84
2363,132.93
2364,64.94
2365,133.06
2366,57.46
2367,118.58
2368,77.44
2369,85.00666666666666
2370,153.39
2371,188.5225
2372,305.9
2373,185.11
2374,96.66
2375,87.06
2376,217.33
2377,153.44
2378,165.13
2379,108.57
2380,114.7
2381,80.28
2382,135.65
2383,76.75
2384,115.7
2385,45.39
2386,229.31
2387,87.52
2388,273.21
2389,179.11
2390,82.59
2391,189.36949999999996
2392,153.85
2393,177.94
2394,52.01
2395,149.76
2396,96.02
2397,97.715
2398,160.66
2399,116.09
2400,124.81166666666667
2401,232.2
2402,118.04
2403,196.9
2404,165.19
2405,127.46
2406,84.30833333333332
2407,217.63
2408,120.07
2409,268.17
2410,224.22
2411,189.75
2412,159.73
2413,81.5
2414,145.67940476190475
2415,75.92
2416,273.65
2417,144.62
2418,225.01
2419,82.76
2420,113.655
2421,106.71
2422,94.4
2423,195.27
2424,108.72
2425,71.66
2426,195.82
2427,101.68
2428,102.49
2429,173.61
2430,303.99
2431,173.69
2432,160.76
2433,151.53
2434,61.34
2435,158.90666666666667
2436,266.46
2437,126.14
2438,277.87
2439,110.18
2440,129.22
2441,168.29
2442,224.56
2443,223.34
2444,78.95214285714286
2445,68.03
2446,174.93
2447,196.01
2448,185.29
2449,271.09
2450,59.76
2451,255.15
2452,303.07
2453,113.49
2454,102.02
2455,78.98
2456,248.81
2457,153.13
2458,85.03
2459,332.34
2460,182.07
2461,272.44
2462,148.09
2463,79.79
2464,153.46
2465,165.545
2466,459.18
2467,184.89
2468,164.03
2469,103.9
2470,102.65
2471,195.36
2472,104.85
2473,262.32
2474,63.85
2475,225.39
2476,85.59
2477,77.58
2478,172.02
2479,122.16
2480,287.0
2481,89.62
2482,157.09
2483,104.74
2484,82.15
2485,262.6
2486,341.98
2487,56.67
2488,146.06
2489,56.56
2490,84.03
2491,98.32
2492,150.72
2493,82.11
2494,186.28
2495,266.03
2496,111.1
2497,82.52
2498,147.17
2499,170.25
2500,315.59
2501,427.25
2502,315.36
2503,105.45
2504,92.29
2505,218.41
2506,177.91
2507,207.98
2508,81.07
2509,97.38
2510,194.7
2511,399.74
2512,358.41
2513,127.55
2514,184.14666666666665
2515,189.4
2516,85.8
2517,219.64
2518,74.04
2519,170.38
2520,118.23
2521,95.65
2522,76.16
2523,142.07
2524,198.34
2525,95.96
2526,119.5
2527,103.62
2528,84.8
2529,187.48
2530,171.37
2531,135.73
2532,110.39
2533,150.2
2534,188.30466666666663
2535,173.17
2536,69.42
2537,199.25
2538,161.96
2539,198.72
2540,84.23
2541,214.25
2542,199.97
2543,201.73
2544,180.49
2545,175.26
2546,161.18
2547,184.24
2548,145.44
2549,163.29
2550,154.21
2551,71.21
2552,248.41
2553,243.43
2554,158.934
2555,151.02
2556,81.51
2557,174.76
2558,94.83
2559,174.35916666666668
2560,99.07
2561,69.21
2562,140.224
2563,281.5975
2564,183.65
2565,248.68
2566,270.13
2567,334.4
2568,108.65
2569,303.45
2570,101.99
2571,171.44
2572,346.04
2573,200.69066666666666
2574,267.75
2575,46.75
2576,161.36
2577,135.15
2578,171.57
2579,115.97
2580,123.34
2581,56.15
2582,82.61
2583,286.68
2584,250.18849999999998
2585,148.68
2586,54.46
2587,74.51
2588,122.51
2589,175.75
2590,86.09
2591,113.13795238095237
2592,177.62
2593,307.85
2594,63.85
2595,172.11
2596,94.96
2597,267.39
2598,93.93
2599,173.46
2600,87.68
2601,176.24
2602,217.99
2603,120.97
2604,111.8
2605,307.59
2606,91.16
2607,243.53
2608,115.91
2609,179.49
2610,47.99
2611,385.03
2612,107.33
2613,135.35
2614,108.14
2615,111.64
2616,269.79166666666663
2617,228.39
2618,111.84
2619,119.12
2620,85.96
2621,98.84
2622,319.71
2623,75.16214285714287
2624,88.19
2625,107.69
2626,158.37
2627,206.97
2628,46.59
2629,141.54
2630,161.27
2631,314.02
2632,81.83
2633,88.66
2634,162.86
2635,82.36
2636,99.34
2637,61.14
2638,101.9
2639,106.51
2640,85.58
2641,99.55
2642,103.4
2643,326.71
2644,115.37
2645,301.32
2646,126.27
2647,71.15
2648,133.85
2649,219.16
2650,197.48
2651,97.8
2652,82.2
2653,181.27
2654,82.72
2655,158.45
2656,262.5966666666667
2657,172.83
2658,115.67
2659,122.46
2660,81.23933333333333
2661,163.93
2662,121.7
2663,141.024
2664,86.77
2665,151.13
2666,88.07
2667,185.7
2668,158.76
2669,147.49
2670,328.85
2671,107.98
2672,138.94
2673,69.09
2674,89.39
2675,49.08
2676,245.22
2677,91.64
2678,212.86
2679,178.03
2680,115.75
2681,81.09
2682,96.4
2683,61.75
2684,134.835
2685,68.13
2686,140.48
2687,181.4
2688,151.43
2689,70.3
2690,90.76
2691,78.55
2692,219.69
2693,141.17
2694,122.6
2695,191.81
2696,201.14023809523812
2697,146.44
2698,159.48
2699,134.64
2700,97.77
2701,158.85
2702,259.34
2703,298.768
2704,99.07
2705,272.94
2706,197.82
2707,101.56
2708,156.01
2709,105.82
2710,173.85
2711,133.33
2712,112.74
2713,81.63
2714,44.75
2715,106.27
2716,149.93
2717,189.22
2718,212.14
2719,110.28
2720,197.62
2721,68.87
2722,169.09
2723,257.21
2724,66.44
2725,123.48
2726,85.44
2727,162.56133333333332
2728,124.27666666666669
2729,179.68
2730,166.23
2731,70.52
2732,128.88
2733,58.21
2734,108.26
2735,211.55
2736,141.72
2737,101.48
2738,102.24
2739,248.34
2740,341.72
2741,127.18
2742,85.06
2743,105.89
2744,135.78
2745,225.64
2746,238.93
2747,61.31
2748,175.87
2749,229.66
2750,74.05
2751,242.33
2752,71.69
2753,245.46
2754,186.44
2755,321.84
2756,103.81
2757,123.71
2758,81.64
2759,171.97
2760,151.49
2761,56.8
2762,157.95
2763,89.6
2764,402.38
2765,161.017
2766,99.93
2767,88.53
2768,280.62600000000003
2769,88.69
2770,237.7
2771,137.13
2772,245.39
2773,212.42
2774,90.3
2775,199.31
2776,156.04333333333335
2777,119.63
2778,141.21
2779,254.05
2780,89.38
2781,120.33
2782,180.21
2783,152.42
2784,79.18
2785,393.86
2786,94.63
2787,111.95
2788,79.5
2789,67.93
2790,313.81
2791,153.0
2792,86.43
2793,79.74
2794,140.64
2795,93.78200000000001
2796,268.3695
2797,175.45
2798,141.23
2799,207.78
2800,138.46
2801,102.74
2802,276.48
2803,179.64
2804,136.22
2805,216.72833333333332
2806,94.4
2807,261.43
2808,129.57
2809,91.97
2810,170.935
2811,77.37
2812,67.05
2813,129.83
2814,108.8
2815,222.32
2816,153.64
2817,221.18
2818,305.32
2819,219.39
2820,190.83
2821,172.29
2822,152.8
2823,90.29
2824,55.42
2825,87.16833333333332
2826,86.12
2827,248.37
2828,189.57
2829,88.05
2830,91.55
2831,141.8
2832,119.4
2833,136.1
2834,83.46
2835,187.34
2836,121.28
2837,234.34
2838,55.93
2839,121.07
2840,195.108
2841,246.93
2842,140.82
2843,303.26
2844,143.41
2845,96.89
2846,115.15
2847,78.49
2848,281.1093333333333
2849,136.37
2850,90.5
2851,60.49
2852,157.75
2853,137.91
2854,80.18
2855,115.54
2856,70.21
2857,70.32
2858,251.17428571428573
2859,150.87
2860,127.26
2861,203.91
2862,179.21
2863,85.46
2864,151.84
2865,149.27
2866,261.71
2867,187.61
2868,212.02
2869,192.43
2870,425.08
2871,142.88
2872,56.45
2873,295.17
2874,221.85
2875,154.97
2876,278.5160714285714
2877,159.1
2878,191.27
2879,111.41333333333334
2880,93.11
2881,138.15
2882,140.8
2883,167.11
2884,136.15
2885,169.77
2886,144.31
2887,167.47
2888,47.41
2889,110.03
2890,157.07
2891,133.46
2892,125.69
2893,207.02
2894,365.18
2895,140.01
2896,106.24
2897,93.45
2898,316.29
2899,85.09
2900,157.5775
2901,163.31357142857144
2902,150.27
2903,46.74
2904,227.63
2905,130.79
2906,100.61
2907,197.27
2908,152.86
2909,172.95
2910,55.06
2911,84.83
2912,78.78
2913,119.0
2914,161.12
2915,169.28
2916,278.04
2917,159.17
2918,143.12
2919,284.95
2920,80.25
2921,191.23
2922,259.71
2923,203.61
2924,99.12
2925,131.7
2926,167.53
2927,341.74
2928,155.99
2929,178.09
2930,193.51
2931,293.06
2932,70.92
2933,166.12
2934,191.95
2935,257.01
2936,77.52
2937,163.35933333333335
2938,75.88
2939,151.96
2940,408.91
2941,176.12
2942,211.53
2943,173.63
2944,271.22
2945,84.43
2946,280.37766666666664
2947,172.08
2948,279.14
2949,76.48
2950,140.65
2951,270.94
2952,69.16
2953,113.48
2954,315.51
2955,188.99
2956,239.8
2957,138.0
2958,155.38
2959,163.82
2960,97.96
2961,162.1
2962,159.05
2963,169.86
2964,132.74
2965,181.34
2966,190.85
2967,223.99
2968,149.38
2969,115.78
2970,58.0
2971,108.11
2972,160.61
2973,113.61
2974,76.06
2975,78.05
2976,87.3
2977,169.3
2978,98.49
2979,163.88
2980,87.53
2981,284.37
2982,172.79
2983,186.61
2984,137.65
2985,186.44
2986,253.04
2987,180.58
2988,146.35
2989,72.03
2990,166.75
2991,294.72
2992,288.11
2993,133.13616666666667
2994,143.94
2995,170.25
2996,102.85
2997,132.74
2998,153.39
2999,133.88
3000,82.47
3001,121.49
3002,103.8
3003,70.91
3004,98.82
3005,266.92
3006,73.29
3007,171.57
3008,206.79666666666668
3009,72.63
3010,128.04
3011,211.12
3012,255.253
3013,326.4
3014,114.83
3015,237.27
3016,219.49
3017,301.73
3018,208.48
3019,108.96
3020,217.88
3021,203.9
3022,131.28
3023,156.56
3024,171.2783333333333
3025,239.32
3026,188.47
3027,116.29
3028,179.37
3029,424.76
3030,116.74
3031,162.85
3032,112.63
3033,285.36
3034,70.49333333333334
3035,130.77
3036,128.4
3037,80.24
3038,185.97
3039,77.91
3040,164.93666666666664
3041,196.03
3042,239.99
3043,99.49
3044,178.16
3045,72.41
3046,91.15
3047,73.89
3048,114.61
3049,223.01
3050,106.76
3051,232.24
3052,246.15
3053,244.36
3054,222.7
3055,192.67
3056,348.82
3057,218.51
3058,113.55
3059,70.07
3060,80.89
3061,483.91
3062,128.54166666666666
3063,121.39
3064,152.81
3065,154.57
3066,77.47
3067,214.25
3068,121.59
3069,119.08
3070,130.25166666666667
3071,147.14
3072,185.02
3073,117.08
3074,209.3175
3075,112.04
3076,161.79
3077,199.09
3078,133.75
3079,80.92
3080,259.92
3081,84.42
3082,214.24
3083,114.69
3084,156.81
3085,205.14
3086,122.91
3087,248.88
3088,84.5925
3089,162.03
3090,111.9
3091,286.35
3092,170.40333333333336
3093,146.12
3094,270.27
3095,71.09
3096,279.43
3097,103.28
3098,89.86
3099,317.54
3100,103.86
3101,87.54
3102,80.11
3103,176.06
3104,208.03
3105,286.33
3106,116.62
3107,82.92
3108,104.52
3109,47.24
3110,172.49
3111,131.19392857142856
3112,61.55
3113,192.17
3114,83.98
3115,81.02
3116,268.59
3117,127.71
3118,254.7
3119,203.06
3120,102.52
3121,76.02
3122,86.42
3123,198.24
3124,201.4
3125,56.81
3126,184.3
3127,199.98
3128,192.51
3129,225.54
3130,57.08
3131,157.87
3132,200.42
3133,194.25
3134,53.81
3135,72.81
3136,180.28
3137,112.51
3138,90.77
3139,160.64
3140,92.52
3141,81.9525
3142,255.18
3143,215.2
3144,115.52
3145,54.27
3146,207.63
3147,88.74
3148,136.69
3149,105.08
3150,343.89
3151,93.44
3152,79.44
3153,324.68
3154,99.59
3155,147.57
3156,258.46
3157,198.32
3158,416.37
3159,259.52
3160,196.59
3161,140.51
3162,84.1
3163,112.99
3164,83.81
3165,154.81
3166,132.1
3167,96.58
3168,84.31
3169,145.29833333333335
3170,113.5
3171,188.66
3172,138.69
3173,72.05
3174,388.09
3175,161.86
3176,194.417
3177,136.77
3178,166.27
3179,76.43
3180,210.19833333333335
3181,256.21
3182,88.11
3183,95.1
3184,139.03
3185,356.93
3186,176.85
3187,87.17
3188,240.9
3189,209.29
3190,234.09
3191,180.1
3192,126.45
3193,190.86
3194,92.39
3195,99.4
3196,140.31
3197,289.19
3198,310.53
3199,112.29
3200,153.0
3201,194.0
3202,85.03
3203,102.7
3204,170.46
3205,319.6
3206,243.06
3207,49.99
3208,131.83154761904763
3209,110.04
3210,153.81
3211,76.64
3212,51.29
3213,159.0
3214,162.16
3215,193.45
3216,131.64
3217,72.32
3218,163.57
3219,62.06
3220,243.22
3221,141.78059523809523
3222,132.11
3223,107.11
3224,45.43
3225,164.59
3226,114.07
3227,85.36416666666668
3228,194.33
3229,147.81
3230,207.95883333333336
3231,165.66
3232,168.84
3233,57.8
3234,253.99
3235,134.62
3236,89.12
3237,255.28
3238,129.63
3239,257.2
3240,77.95166666666667
3241,157.69
3242,202.63
3243,245.71
3244,112.06
3245,224.2
3246,125.29
3247,108.8
3248,241.77
3249,149.066
3250,81.36
3251,176.75
3252,96.68
3253,145.44
3254,265.29
3255,161.595
3256,86.33
3257,216.95
3258,79.22
3259,151.14
3260,125.04
3261,168.832
3262,94.94
3263,132.71
3264,57.68
3265,171.33
3266,290.84
3267,164.178
3268,254.57
3269,78.99
3270,89.53
3271,112.69
3272,186.29
3273,183.99
3274,72.2
3275,126.37
3276,120.04
3277,101.22
3278,271.43
3279,73.09
3280,47.41
3281,83.32
3282,97.66
3283,124.21
3284,145.4
3285,102.3
3286,170.51
3287,259.0025
3288,196.57
3289,75.8
3290,245.75
3291,61.15
3292,250.66
3293,153.56
3294,142.03
3295,60.71
3296,208.46
3297,223.79
3298,67.24
3299,79.6
3300,162.01714285714286
3301,186.8
3302,144.99
3303,122.49
3304,184.08
3305,148.56
3306,48.22
3307,134.07
3308,134.79
3309,118.04
3310,205.6
3311,43.96
3312,225.22
3313,362.44
3314,169.4
3315,217.19
3316,164.88128571428572
3317,151.97
3318,235.07
3319,291.0
3320,77.03
3321,217.31
3322,343.77
3323,468.52
3324,87.6825
3325,302.92
3326,160.1966666666667
3327,76.025
3328,54.69
3329,139.97
3330,128.75
3331,66.04
3332,166.7
3333,88.92
3334,49.9
3335,121.34
3336,106.0
3337,111.738
3338,78.06
3339,120.35249999999998
3340,242.14
3341,70.41
3342,416.74
3343,136.78
3344,99.8
3345,306.5
3346,73.72
3347,140.48
3348,46.39
3349,264.73
3350,369.19
3351,92.36
3352,74.43
3353,148.39
3354,84.68
3355,187.15
3356,349.42
3357,96.82
3358,269.68
3359,217.03
3360,124.14
3361,112.11
3362,403.43
3363,86.18
3364,96.24
3365,140.24
3366,76.44
3367,256.49
3368,155.21
3369,117.23
3370,145.09166666666667
3371,183.25
3372,93.78
3373,191.47
3374,165.67
3375,202.08
3376,136.71
3377,165.46
3378,334.9
3379,145.6
3380,194.93733333333338
3381,162.105
3382,157.1
3383,167.42
3384,158.22
3385,127.5
3386,264.5
3387,123.61
3388,191.35
3389,53.27
3390,175.49
3391,45.38
3392,130.81
3393,86.06
3394,155.64
3395,134.22
3396,192.95
3397,153.05
3398,107.1
3399,339.84
3400,169.15
3401,123.09
3402,148.28
3403,252.88
3404,149.25
3405,138.65
3406,274.51
3407,105.34
3408,138.93
3409,128.37
3410,85.95
3411,80.08
3412,157.62
3413,195.67
3414,86.78
3415,62.53
3416,172.56
3417,151.97
3418,57.85
3419,98.76
3420,239.36
3421,98.93
3422,369.83
3423,61.31
3424,187.32
3425,95.54
3426,136.33
3427,124.4
3428,158.35
3429,112.78
3430,256.32
3431,154.86
3432,364.49
3433,91.1
3434,130.09
3435,100.58
3436,406.62
3437,72.59
3438,178.9466666666667
3439,151.49
3440,183.22
3441,302.7
3442,90.6
3443,84.19
3444,297.87
3445,156.43
3446,57.35
3447,107.38
3448,141.97716666666668
3449,108.28
3450,116.83
3451,129.46
3452,120.92
3453,208.46
3454,125.65
3455,68.93
3456,155.91
3457,163.63
3458,221.14
3459,181.31
3460,137.76726190476188
3461,94.52
3462,423.99
3463,143.35
3464,176.05333333333337
3465,365.21
3466,68.25
3467,79.04
3468,140.36
3469,102.11
3470,83.68
3471,65.95
3472,83.9
3473,183.19
3474,96.6
3475,86.93
3476,78.22
3477,114.0
3478,127.27
3479,73.84
3480,254.57
3481,115.48
3482,60.56
3483,422.11
3484,111.02366666666667
3485,144.69
3486,247.21
3487,89.92
3488,135.9
3489,87.8
3490,391.0
3491,103.11
3492,137.14
3493,156.07238095238097
3494,116.17
3495,253.54
3496,209.57
3497,69.46166666666667
3498,85.73
3499,208.69
3500,275.79
3501,99.72
3502,187.09
3503,159.085
3504,85.45
3505,150.15
3506,108.41
3507,306.36333333333334
3508,138.26416666666668
3509,162.93
3510,111.95
3511,200.15
3512,111.09
3513,310.16
3514,119.5
3515,149.92
3516,104.02
3517,263.57
3518,61.58
3519,98.22
3520,109.63
3521,157.41
3522,156.12
3523,173.19
3524,253.08
3525,72.87
3526,94.02
3527,165.34333333333336
3528,86.42
3529,145.1
3530,316.27
3531,112.53
3532,73.71
3533,188.73
3534,84.48
3535,161.38
3536,160.53
3537,123.63
3538,78.9
3539,117.25
3540,312.58
3541,103.65
3542,208.56
3543,115.84
3544,214.7
3545,131.44
3546,74.09
3547,194.52
3548,197.83
3549,68.72
3550,168.55
3551,109.45
3552,115.17
3553,206.85
3554,94.41
3555,187.15
3556,187.95
3557,69.73
3558,128.9
3559,165.375
3560,135.108
3561,149.27
3562,70.26
3563,274.25
3564,91.62200000000001
3565,186.98
3566,90.15
3567,102.43
3568,258.06
3569,154.32
3570,316.95
3571,163.55
3572,151.37
3573,127.36
3574,164.64
3575,276.9
3576,136.9
3577,74.15
3578,222.44
3579,182.48
3580,162.71
3581,266.4212857142857
3582,122.56
3583,100.8
3584,307.1
3585,126.92
3586,154.79
3587,249.8
3588,88.49
3589,132.88
3590,87.48
3591,134.41
3592,149.48
3593,205.01
3594,116.28
3595,192.25
3596,165.86
3597,133.31
3598,182.41
3599,69.76
3600,270.21
3601,161.02
3602,187.92
3603,247.05
3604,76.17
3605,252.55
3606,90.74
3607,134.54916666666668
3608,149.13
3609,125.01
3610,60.27
3611,171.84
3612,168.77
3613,188.33
3614,145.53
3615,278.88
3616,181.645
3617,158.54333333333332
3618,58.94
3619,178.01
3620,280.5
3621,192.09
3622,103.17
3623,143.73
3624,118.04
3625,144.55
3626,362.68
3627,153.15
3628,82.91
3629,106.6
3630,114.09
3631,91.65
3632,136.76
3633,252.34
3634,91.89
3635,299.65
3636,112.78
3637,173.58
3638,147.57
3639,202.44
3640,150.05
3641,159.08
3642,116.59
3643,151.76
3644,124.22
3645,93.47
3646,85.73
3647,85.98
3648,166.53
3649,179.1
3650,161.8811666666667
3651,79.35
3652,149.11
3653,206.84
3654,121.28
3655,176.17
3656,63.85
3657,258.16
3658,271.19
3659,258.82
3660,87.45
3661,307.21
3662,47.5
3663,157.52
3664,236.59
3665,149.64
3666,254.66
3667,108.64
3668,131.28333333333333
3669,57.95
3670,81.1575
3671,208.88
3672,181.91
3673,75.955
3674,165.17
3675,74.53
3676,77.76
3677,78.22
3678,173.62
3679,207.82
3680,129.74
3681,271.3
3682,243.58
3683,97.38
3684,66.89
3685,69.92
3686,298.96
3687,336.75
3688,253.49
3689,261.53
3690,119.46
3691,171.4
3692,151.06
3693,322.88
3694,171.2783333333333
3695,79.45
3696,188.685
3697,139.76666666666665
3698,180.68
3699,117.13
3700,89.62
3701,166.59
3702,87.73
3703,180.9
3704,196.08
3705,199.46
3706,130.68
3707,112.93
3708,265.2685714285715
3709,169.81
3710,238.47
3711,162.02
3712,238.53
3713,115.33
3714,217.68
3715,206.45
3716,79.75
3717,213.4
3718,137.21
3719,164.74
3720,179.34
3721,70.63
3722,350.2
3723,133.87
3724,86.28
3725,53.21
3726,66.47
3727,203.11
3728,131.05
3729,359.1
3730,111.93
3731,236.09
3732,70.3
3733,154.14
3734,58.02
3735,242.3998333333333
3736,291.64
3737,97.32
3738,225.73
3739,191.4911666666667
3740,161.04333333333335
3741,97.66
3742,84.25
3743,264.555
3744,142.62
3745,84.2
3746,144.92
3747,82.45
3748,130.13
3749,267.46
3750,130.38
3751,101.82
3752,172.17
3753,171.7
3754,115.16
3755,88.92
3756,216.15
3757,127.97
3758,333.93
3759,405.98
3760,231.85
3761,59.28
3762,261.28
3763,243.01
3764,237.58
3765,80.94
3766,72.56
3767,184.47
3768,181.84
3769,158.84
3770,218.28
3771,111.49
3772,80.92
3773,154.36
3774,160.53
3775,182.5
3776,274.96
3777,69.0
3778,140.825
3779,118.63
3780,277.51
3781,95.89
3782,57.9
3783,46.04
3784,67.64
3785,150.36
3786,89.82
3787,116.83
3788,61.79
3789,175.4
3790,312.8
3791,71.66
3792,315.12
3793,189.31
3794,141.01
3795,97.28
3796,302.11
3797,257.06
3798,131.8
3799,190.37
3800,230.24
3801,277.08
3802,277.09
3803,83.22
3804,172.87
3805,98.22
3806,112.82
3807,191.36
3808,197.41
3809,191.06
3810,100.3
3811,162.92333333333335
3812,93.7
3813,97.92
3814,123.64
3815,70.02
3816,173.97
3817,101.76
3818,227.592
3819,133.87
3820,215.65
3821,68.41
3822,124.61
3823,153.59
3824,103.1
3825,121.5
3826,259.53
3827,83.37
3828,56.8
3829,338.59
3830,134.95
3831,202.26
3832,184.87
3833,175.94
3834,208.28
3835,165.39
3836,273.77
3837,54.92
3838,147.12
3839,167.25
3840,157.54
3841,108.37
3842,56.38
3843,79.64
3844,67.37
3845,132.3
3846,91.32
3847,130.29
3848,165.5887142857143
3849,186.01
3850,264.14
3851,62.9
3852,448.85
3853,172.3
3854,103.23
3855,107.68
3856,175.31
3857,69.06
3858,172.97
3859,111.7
3860,147.21
3861,109.06595238095237
3862,188.06
3863,70.96
3864,170.94
3865,79.81
3866,189.32
3867,79.27
3868,54.31
3869,248.59
3870,70.27
3871,276.29
3872,186.86
3873,312.03
3874,223.37
3875,139.66
3876,140.25
3877,180.5393333333333
3878,97.69
3879,264.43
3880,133.78
3881,109.0
3882,185.15
3883,110.64
3884,212.16
3885,146.02
3886,159.04
3887,357.63
3888,183.0
3889,196.56
3890,84.96
3891,123.0575
3892,85.14
3893,89.12
3894,70.4
3895,272.46
3896,407.58
3897,78.36
3898,91.45
3899,72.663
3900,62.83
3901,73.69
3902,178.44
3903,67.79
3904,144.49
3905,173.7
3906,182.46
3907,119.01
3908,161.77
3909,160.28
3910,102.63
3911,87.06
3912,153.52
3913,137.0425
3914,186.85
3915,113.61
3916,117.59
3917,83.37
3918,60.19
3919,266.75
3920,83.37
3921,113.21
3922,151.8
3923,211.78
3924,235.95
3925,160.66
3926,262.71
3927,83.79
3928,89.93
3929,64.56
3930,86.49
3931,80.59
3932,108.81
3933,109.28
3934,102.5
3935,81.3
3936,75.68
3937,91.63
3938,89.92
3939,77.94
3940,187.4045
3941,262.68
3942,165.39
3943,79.14
3944,150.02
3945,319.13
3946,79.32
3947,219.3
3948,197.02
3949,59.72
3950,71.49
3951,179.01
3952,100.08
3953,100.01
3954,141.85
3955,114.29
3956,60.63
3957,79.17
3958,83.28
3959,124.05
3960,219.71
3961,69.75
3962,84.26
3963,243.76
3964,112.45
3965,132.24333333333334
3966,84.27
3967,214.04
3968,89.08
3969,108.36
3970,56.02
3971,192.35
3972,79.21
3973,165.43
3974,139.89
3975,217.14
3976,346.74
3977,154.92
3978,162.58
3979,130.52
3980,188.68
3981,161.775
3982,175.55
3983,292.24
3984,117.36
3985,103.11
3986,107.57
3987,249.42
3988,164.09
3989,157.46333333333334
3990,108.73
3991,89.5
3992,271.12
3993,230.38
3994,102.04
3995,110.47
3996,133.33
3997,214.05
3998,92.56
3999,334.89
4000,118.82
4001,156.85
4002,187.37
4003,259.09133333333335
4004,215.39
4005,250.12
4006,333.59
4007,85.12
4008,148.95
4009,111.46
4010,103.65
4011,79.52
4012,145.74
4013,61.82
4014,162.37
4015,106.81
4016,64.45
4017,339.14
4018,158.21
4019,238.43
4020,84.91833333333334
4021,127.14
4022,153.5
4023,138.96
4024,85.32
4025,297.26
4026,126.17
4027,101.93
4028,113.28
4029,294.12
4030,151.3
4031,163.24
4032,238.0283333333333
4033,161.725
4034,91.72
4035,76.67
4036,58.7
4037,61.61
4038,131.1
4039,141.35
4040,192.16
4041,102.1
4042,206.82
4043,111.98
4044,156.41
4045,113.85
4046,159.29
4047,83.38666666666666
4048,82.44
4049,374.42
4050,154.13
4051,186.41
4052,95.98
4053,146.21333333333334
4054,240.555
4055,147.28
4056,86.31
4057,176.03
4058,83.67
4059,105.57
4060,90.52
4061,126.57416666666668
4062,249.72
4063,69.76625000000001
4064,77.05
4065,170.42
4066,178.43
4067,356.85
4068,96.58
4069,163.83
4070,112.67
4071,157.61
4072,360.36
4073,501.81
4074,131.93
4075,108.54
4076,79.72
4077,161.96
4078,245.91
4079,162.25
4080,136.18
4081,346.21
4082,183.99
4083,189.72
4084,128.74
4085,209.06
4086,135.73
4087,124.9
4088,230.26
4089,210.79
4090,221.77
4091,127.83
4092,167.65
4093,275.3
4094,83.34
4095,106.96
4096,177.75
4097,129.4
4098,118.34
4099,168.1
4100,114.36
4101,204.22
4102,140.71
4103,107.76
4104,118.11
4105,66.07
4106,114.94666666666666
4107,56.04
4108,250.16
4109,66.71
4110,70.75
4111,159.07
4112,106.85
4113,231.58
4114,89.52
4115,140.63
4116,111.76
4117,164.03
4118,387.74
4119,65.06
4120,90.84
4121,122.05
4122,136.8
4123,149.78
4124,91.76
4125,71.13
4126,208.21
4127,92.14
4128,63.5
4129,114.38333333333334
4130,248.11666666666665
4131,350.9
4132,193.2
4133,81.99
4134,62.33
4135,253.93
4136,159.2
4137,240.01
4138,73.78
4139,207.64
4140,125.39
4141,294.56
4142,119.02433333333333
4143,252.67
4144,57.78
4145,200.09
4146,251.84
4147,73.71
4148,224.66
4149,94.34
4150,140.02
4151,146.89
4152,239.31
4153,167.18
4154,169.06
4155,180.37
4156,115.82
4157,262.32
4158,84.17
4159,71.53
4160,230.03
4161,162.268
4162,80.5
4163,188.78
4164,342.19
4165,93.54
4166,110.76
4167,107.97
4168,92.68
4169,132.74
4170,254.33
4171,104.9
4172,256.25
4173,113.2
4174,80.05
4175,183.23
4176,173.33333333333337
4177,177.32
4178,210.89
4179,225.11
4180,87.05
4181,165.99
4182,168.74
4183,160.17
4184,194.377
4185,116.98
4186,83.26
4187,165.24
4188,200.14
4189,210.64
4190,296.5
4191,206.25
4192,344.88
4193,257.26
4194,180.63
4195,283.82
4196,164.8
4197,103.09014285714288
4198,74.38
4199,206.65
4200,61.36
4201,138.08
4202,334.95
4203,81.12
4204,480.82
4205,189.51
4206,133.95
4207,186.6
4208,62.34
4209,161.68
4210,137.87
4211,168.27
4212,60.16
4213,88.83
4214,118.8
4215,143.94
4216,160.936
4217,119.54
4218,145.83
4219,168.48466666666667
4220,145.68
4221,113.055
4222,57.03
4223,122.83
4224,115.39
4225,149.74
4226,155.15
4227,72.42
4228,73.75
4229,68.0
4230,93.36
4231,69.87
4232,90.84
4233,91.83
4234,172.87
4235,159.09
4236,109.51
4237,146.38
4238,57.79
4239,249.19
4240,204.33
4241,57.57
4242,88.9
4243,96.13
4244,290.03
4245,189.9
4246,341.35
4247,77.86
4248,70.41
4249,194.84
4250,168.20333333333335
4251,83.82833333333332
4252,106.42
4253,79.82
4254,65.47
4255,242.73
4256,133.23
4257,129.91
4258,61.38
4259,298.33
4260,402.72
4261,141.66
4262,125.09
4263,245.09
4264,74.35
4265,274.9
4266,163.12
4267,88.41
4268,140.81
4269,205.55
4270,188.63
4271,91.5
4272,115.14
4273,122.02
4274,93.38
4275,469.73
4276,190.42
4277,79.5
4278,126.41
4279,170.606
4280,84.72
4281,163.05
4282,356.03
4283,128.4
4284,177.75
4285,187.02
4286,187.71
4287,231.58
4288,327.96
4289,72.18
4290,150.75
4291,75.96
4292,175.73
4293,146.28
4294,80.48
4295,94.69
4296,86.02
4297,75.74
4298,138.83
4299,271.31
4300,118.27
4301,353.12
4302,214.67
4303,97.7
4304,103.72
4305,252.39
4306,226.17533333333336
4307,137.98
4308,123.97
4309,126.98
4310,93.68
4311,179.19
4312,190.76
4313,133.17
4314,180.45
4315,231.33866666666665
4316,61.3
4317,87.62
4318,329.09
4319,179.94
4320,182.88
4321,118.71916666666667
4322,277.69
4323,80.22
4324,91.23
4325,135.4
4326,77.13
4327,138.85
4328,61.03
4329,231.94
4330,196.66
4331,156.6
4332,258.37
4333,165.64571428571426
4334,72.16
4335,236.9
4336,121.38
4337,139.47
4338,83.93
4339,98.06
4340,57.01
4341,117.78
4342,137.8
4343,184.4
4344,138.03
4345,152.4
4346,87.76
4347,102.915
4348,272.46
4349,224.94
4350,102.08
4351,79.53
4352,143.05
4353,85.18
4354,137.25
4355,209.21
4356,188.84
4357,67.54
4358,43.46
4359,70.81
4360,84.93
4361,117.37
4362,99.4
4363,95.63
4364,72.14
4365,116.1
4366,233.28
4367,92.54
4368,197.59
4369,113.78
4370,121.31
4371,428.39
4372,256.16
4373,46.32
4374,79.09
4375,114.51
4376,114.0
4377,134.09
4378,59.36
4379,85.97
4380,279.77
4381,95.42
4382,135.89
4383,281.9
4384,99.34107142857141
4385,329.58
4386,69.64
4387,182.96
4388,94.89
4389,419.59
4390,115.71
4391,167.27
4392,57.92
4393,92.12666666666668
4394,80.94
4395,114.47
4396,97.07
4397,149.662
4398,140.19816666666668
4399,107.51
4400,117.18
4401,275.31
4402,82.39
4403,185.21
4404,119.96
4405,91.25
4406,206.41
4407,83.55
4408,62.56
4409,176.78
4410,170.4
4411,226.21
4412,321.33
4413,243.85
4414,176.26
4415,197.41
4416,108.02
4417,139.94
4418,168.67
4419,55.03
4420,255.722
4421,229.47
4422,84.56
4423,62.7
4424,260.98
4425,362.36
4426,223.03
4427,106.17
4428,101.79
4429,114.53
4430,207.48
4431,154.88
4432,186.83
4433,167.91
4434,60.83
4435,462.2
4436,72.9
4437,157.58
4438,170.72
4439,254.6985
4440,81.42
4441,410.025
4442,269.44
4443,136.92
4444,172.96
4445,109.71
4446,147.72
4447,258.25
4448,271.2
4449,248.18
4450,85.94200000000001
4451,162.16
4452,146.81
4453,132.44
4454,124.12
4455,150.82
4456,188.01
4457,165.19
4458,65.78
4459,133.03916666666666
4460,193.82
4461,68.3
4462,340.49
4463,134.27
4464,137.92
4465,50.29
4466,163.65
4467,158.62924999999998
4468,218.39
4469,86.54
4470,70.3
4471,93.20616666666666
4472,302.654
4473,204.65
4474,146.0
4475,83.67
4476,271.95
4477,84.09
4478,135.28
4479,318.05
4480,90.74
4481,290.68
4482,158.6
4483,274.08
4484,96.44
4485,149.33666666666667
4486,93.77
4487,217.21
4488,161.69
4489,320.95
4490,161.89
4491,231.86
4492,222.46
4493,98.89
4494,128.6
4495,105.41
4496,115.1
4497,85.75
4498,130.46
4499,223.32
4500,133.32
4501,131.05416666666667
4502,76.36
4503,46.04
4504,93.63
4505,102.18
4506,162.12
4507,244.56633333333335
4508,86.74
4509,108.46600000000001
4510,139.88
4511,291.34
4512,217.51
4513,303.59
4514,100.39
4515,160.44
4516,443.99
4517,98.15
4518,102.83
4519,165.15
4520,151.05
4521,68.39
4522,337.17
4523,71.06
4524,147.41
4525,68.89
4526,100.32
4527,170.51
4528,113.1
4529,61.61
4530,89.64
4531,115.83
4532,206.69
4533,79.96
4534,99.8
4535,185.18133333333336
4536,423.33
4537,80.33
4538,183.5
4539,138.49
4540,79.98
4541,92.09
4542,113.34
4543,192.64
4544,163.0
4545,95.93
4546,213.61
4547,77.46
4548,126.92
4549,148.54
4550,189.46
4551,104.83
4552,176.98
4553,131.74
4554,116.91
4555,371.01
4556,131.29
4557,94.68
4558,77.86
4559,92.9
4560,94.34
4561,129.99
4562,99.76
4563,155.62
4564,138.47
4565,229.02
4566,271.05
4567,410.19
4568,110.88
4569,150.34
4570,113.0
4571,71.89
4572,152.38433333333333
4573,113.74
4574,119.23
4575,83.43
4576,162.53
4577,68.21
4578,65.65
4579,82.35
4580,117.03
4581,67.99
4582,149.6
4583,125.73
4584,132.37
4585,57.76
4586,210.21
4587,181.8
4588,174.2
4589,177.49916666666664
4590,298.24
4591,222.88
4592,140.94
4593,81.33
4594,87.32
4595,275.75
4596,184.38
4597,154.32
4598,86.09
4599,157.3
4600,316.85
4601,203.44
4602,256.32
4603,150.92
4604,182.23
4605,316.47
4606,54.36
4607,189.47
4608,111.42
4609,281.18
4610,156.25
4611,168.28
4612,65.82
4613,238.55
4614,288.88
4615,315.08799999999997
4616,239.84
4617,140.88
4618,173.16
4619,277.06
4620,183.76
4621,267.91
4622,86.6
4623,105.26
4624,71.04
4625,213.43
4626,102.2
4627,88.95
4628,227.35
4629,55.84
4630,297.14
4631,129.91059523809523
4632,77.74
4633,408.57
4634,80.75
4635,164.44
4636,216.45
4637,140.12
4638,258.29
4639,258.7725
4640,164.12
4641,89.51
4642,80.52
4643,73.74
4644,108.48
4645,96.61
4646,170.28
4647,275.45
4648,56.25
4649,149.93
4650,97.34
4651,186.02
4652,150.71
4653,257.32849999999996
4654,290.03
4655,171.48
4656,121.36866666666667
4657,210.52
4658,112.96
4659,204.01
4660,155.66
4661,169.2
4662,227.02
4663,80.96
4664,182.61333333333334
4665,135.93
4666,205.15
4667,131.77
4668,112.17
4669,115.76
4670,152.57
4671,122.7
4672,182.88
4673,118.94
4674,142.19899999999998
4675,102.12
4676,106.02
4677,197.14
4678,285.37
4679,189.64
4680,195.26
4681,236.06
4682,352.22
4683,179.11
4684,88.31
4685,94.65
4686,83.89
4687,202.25
4688,92.07
4689,183.74
4690,185.425
4691,142.13
4692,274.5733333333333
4693,277.91
4694,157.63
4695,280.405
4696,110.20033333333333
4697,149.48
4698,192.55
4699,498.64
4700,185.11
4701,66.92
4702,117.04
4703,106.21
4704,113.68
4705,50.85
4706,362.02
4707,193.47
4708,119.95
4709,217.5
4710,279.3
4711,166.72300000000004
4712,117.27
4713,120.82
4714,201.52
4715,195.97
4716,190.8
4717,174.5
4718,99.93
4719,273.2
4720,86.17
4721,84.55
4722,112.61
4723,245.3
4724,166.15333333333336
4725,226.04
4726,126.51
4727,153.88
4728,191.77
4729,347.16
4730,141.5
4731,91.44
4732,125.87
4733,57.85
4734,59.05
4735,130.06
4736,77.4
4737,71.1
4738,108.57
4739,109.05
4740,212.07
4741,59.11
4742,186.92
4743,57.4
4744,204.0
4745,164.79
4746,128.23
4747,292.96
4748,141.77
4749,137.88
4750,120.41
4751,72.02
4752,88.7
4753,192.53
4754,148.29
4755,109.3
4756,92.15
4757,148.63
4758,182.24
4759,168.93
4760,117.415
4761,92.97
4762,131.52
4763,181.79
4764,89.5
4765,134.93
4766,148.01
4767,271.96
4768,227.55
4769,128.1
4770,230.4
4771,291.63
4772,116.97
4773,143.38800000000003
4774,165.28
4775,252.78
4776,117.27
4777,120.01
4778,340.36
4779,224.33
4780,189.17
4781,187.7
4782,341.61
4783,147.74
4784,173.35
4785,139.45949999999996
4786,273.76
4787,270.4015
4788,181.61
4789,102.57
4790,247.22
4791,195.05
4792,273.85
4793,184.39
4794,186.76
4795,227.34
4796,130.26
4797,472.99
4798,83.96
4799,272.55
4800,129.2
4801,156.17
4802,84.64
4803,63.66
4804,211.02
4805,138.80666666666667
4806,259.06
4807,224.01
4808,121.74
4809,190.2
4810,82.07
4811,152.91
4812,120.16
4813,167.75
4814,301.7
4815,204.48
4816,208.64
4817,152.27
4818,107.54
4819,279.37
4820,79.43
4821,265.75
4822,210.95
4823,175.34
4824,74.69
4825,93.35
4826,169.25
4827,175.77
4828,254.27
4829,123.19
4830,183.75
4831,110.91
4832,196.72
4833,106.36
4834,157.51666666666665
4835,93.26
4836,100.22
4837,238.96
4838,177.22
4839,181.58
4840,334.67
4841,208.55
4842,237.59
4843,80.44
4844,81.5
4845,159.95
4846,70.2
4847,74.84
4848,137.88833333333335
4849,112.1
4850,119.20224999999999
4851,87.72
4852,119.81
4853,139.89
4854,175.75
4855,183.66
4856,158.14
4857,161.98
4858,152.87
4859,100.2
4860,104.62
4861,98.82
4862,79.61
4863,309.47
4864,401.38
4865,424.64
4866,149.7
4867,119.2
4868,131.02
4869,63.84
4870,118.63
4871,95.47
4872,154.9
4873,134.63
4874,90.36
4875,184.86
4876,92.01
4877,129.97
4878,150.0
4879,84.93
4880,206.03
4881,139.62
4882,50.31
4883,243.69
4884,96.48
4885,174.29
4886,276.48850000000004
4887,228.84
4888,115.43
4889,62.3
4890,115.07
4891,101.55
4892,237.95
4893,150.4
4894,59.43
4895,229.24
4896,130.64
4897,182.13
4898,192.17
4899,165.25
4900,161.17
4901,131.54
4902,93.65
4903,161.9958333333333
4904,141.46
4905,109.71
4906,385.3
4907,161.46
4908,133.04
4909,106.22
4910,71.94
4911,57.83
4912,149.28
4913,149.56
4914,102.38
4915,79.78
4916,197.73
4917,141.95
4918,176.48
4919,115.7
4920,124.03
4921,156.38
4922,84.1
4923,188.62
4924,68.77
4925,108.65
4926,219.35
4927,85.89
4928,109.87
4929,319.85
4930,78.16
4931,114.45
4932,110.3
4933,110.75
4934,66.16
4935,217.14
4936,140.36
4937,134.46
4938,78.96833333333333
4939,154.7
4940,210.16
4941,195.08
4942,183.76
4943,44.9
4944,102.22
4945,99.03
4946,148.645
4947,160.07
4948,128.34
4949,242.96
4950,237.02
4951,216.63
4952,302.8
4953,159.34
4954,131.47
4955,181.16
4956,114.66
4957,49.63
4958,99.47
4959,330.55
4960,57.41
4961,147.53
4962,87.27
4963,113.17
4964,70.92
4965,88.54
4966,86.04
4967,109.05
4968,400.45
4969,290.62
4970,56.72
4971,395.35
4972,147.33
4973,155.82
4974,141.67
4975,201.61
4976,122.68
4977,87.24
4978,100.4
4979,117.10133333333333
4980,430.49
4981,89.93
4982,443.49
4983,90.35
4984,198.18
4985,109.49
4986,75.25
4987,153.86
4988,185.84
4989,196.88
4990,99.74
4991,84.11
4992,162.59
4993,143.64
4994,107.83
4995,123.65
4996,142.21
4997,128.9
4998,194.33
4999,136.89
5000,155.59
5001,144.94
5002,125.1
5003,268.14
5004,137.75016666666667
5005,183.56
5006,152.83
5007,82.86
5008,350.81
5009,103.14
5010,369.54
5011,111.81
5012,125.19
5013,395.0
5014,217.71
5015,157.57
5016,125.88
5017,97.43
5018,114.76
5019,211.07
5020,112.78
5021,83.42
5022,177.71
5023,380.0
5024,235.36
5025,266.2
5026,97.575
5027,61.92
5028,345.87
5029,58.98
5030,113.83
5031,135.27
5032,79.85
5033,237.85
5034,464.23
5035,86.01
5036,173.11
5037,165.58
5038,113.93
5039,114.79
5040,268.1
5041,118.37
5042,137.6
5043,110.85
5044,213.64
5045,123.17166666666668
5046,75.92
5047,72.48
5048,340.53
5049,90.88
5050,122.04
5051,87.93
5052,251.72
5053,100.14
5054,105.06
5055,169.13
5056,103.26
5057,111.03
5058,166.58
5059,412.34
5060,135.39
5061,72.3
5062,189.39
5063,106.44
5064,266.93
5065,58.92
5066,197.97
5067,237.81
5068,145.41
5069,238.46
5070,240.975
5071,194.1
5072,85.16
5073,161.85
5074,97.14
5075,57.8
5076,174.38
5077,99.72
5078,260.62
5079,194.08
5080,135.71
5081,343.02
5082,124.98676190476189
5083,94.1
5084,95.66
5085,143.88
5086,160.586
5087,157.95
5088,222.16
5089,96.97
5090,238.04
5091,369.06
5092,136.76
5093,188.6
5094,189.0425
5095,115.63
5096,294.49
5097,227.12
5098,281.37
5099,128.61
5100,314.75
5101,285.95
5102,68.05
5103,200.54
5104,164.44714285714286
5105,227.37
5106,67.94
5107,144.31
5108,125.3
5109,181.4
5110,279.76
5111,213.28
5112,206.46
5113,56.78
5114,185.63
5115,81.68
5116,197.5
5117,176.25
5118,177.66
5119,87.42
5120,199.88
5121,60.0
5122,316.19
5123,146.77
5124,201.94
5125,189.77
5126,169.39
5127,121.1
5128,92.59
5129,69.92
5130,228.76
5131,81.12
5132,240.51
5133,273.38
5134,242.88
5135,79.46
5136,75.39
5137,117.19
5138,161.69
5139,92.09
5140,192.26
5141,184.3166666666667
5142,189.27
5143,292.53
5144,107.33
5145,264.87
5146,247.38
5147,295.83
5148,167.23
5149,95.81
5150,377.73
5151,243.11
5152,76.87
5153,260.67
5154,152.07
5155,125.47
5156,88.95
5157,278.38
5158,223.96
5159,255.29
5160,160.43
5161,85.85583333333334
5162,343.8
5163,57.05
5164,69.73
5165,92.89
5166,189.25
5167,135.28
5168,208.51
5169,98.38
5170,235.3
5171,343.38
5172,159.7
5173,124.63
5174,75.02
5175,249.98
5176,224.64
5177,77.42
5178,165.74
5179,198.9
5180,239.29
5181,56.85
5182,106.96
5183,159.27
5184,211.04
5185,150.89
5186,87.4
5187,299.93
5188,124.05
5189,362.05
5190,109.25
5191,108.77
5192,91.47
5193,249.9
5194,133.2
5195,107.45
5196,133.8
5197,232.04
5198,187.98
5199,119.88
5200,260.07
5201,231.5
5202,113.34
5203,213.67
5204,199.37
5205,55.11
5206,162.31
5207,146.12
5208,76.14
5209,302.612
5210,76.87
5211,269.02
5212,120.25
5213,233.93
5214,230.35333333333332
5215,57.71
5216,116.27
5217,88.9575
5218,269.49
5219,220.5
5220,246.27
5221,113.76
5222,160.68
5223,228.04
5224,209.58
5225,114.08
5226,421.42
5227,410.97
5228,257.5
5229,69.5
5230,214.91
5231,162.14
5232,220.28
5233,291.89
5234,263.27
5235,129.89
5236,98.42
5237,73.7
5238,202.12
5239,195.45
5240,220.2
5241,84.68
5242,202.42
5243,366.51
5244,253.51
5245,241.35
5246,270.1845
5247,270.64
5248,305.27
5249,162.36
5250,171.51
5251,90.55
5252,102.63
5253,84.84
5254,272.83
5255,118.2
5256,211.92
5257,91.72
5258,67.27
5259,105.75
5260,343.4
5261,113.73
5262,123.7
5263,241.83
5264,135.42083333333335
5265,88.84
5266,156.3
5267,114.91
5268,251.8
5269,224.21
5270,179.07
5271,56.94
5272,255.84
5273,84.7
5274,94.32
5275,144.82
5276,83.99
5277,162.21
5278,137.69
5279,163.93
5280,327.99
5281,149.94
5282,54.45
5283,115.14
5284,162.66
5285,72.29
5286,186.84
5287,99.37
5288,63.39
5289,112.28
5290,390.05
5291,137.94466666666665
5292,146.7
5293,163.1
5294,234.11
5295,86.46
5296,83.86
5297,177.66
5298,89.95
5299,391.59
5300,346.08
5301,346.43
5302,140.22
5303,109.45
5304,77.63
5305,141.93
5306,106.04
5307,260.48
5308,151.48
5309,112.19
5310,97.38
5311,150.81
5312,215.61
5313,105.49
5314,91.75
5315,69.88
5316,114.26
5317,104.2
5318,102.2
5319,102.22
5320,114.87
5321,220.17
5322,108.2
5323,109.06
5324,133.62
5325,178.245
5326,161.39
5327,161.16
5328,80.46
5329,182.79
5330,169.91333333333336
5331,265.36
5332,203.48
5333,111.27
5334,70.84
5335,90.37
5336,84.08
5337,136.93
5338,149.87
5339,119.21
5340,91.5
5341,102.0
5342,73.10666666666667
5343,57.76
5344,256.21
5345,151.45
5346,150.12
5347,83.99
5348,58.59
5349,180.37
5350,280.18
5351,203.04666666666665
5352,190.09
5353,164.69
5354,240.99
5355,109.14
5356,80.212
5357,93.28
5358,124.21
5359,104.04
5360,116.42
5361,347.2
5362,176.79
5363,122.91
5364,254.88300000000004
5365,108.88
5366,116.51
5367,79.22
5368,265.5
5369,91.44
5370,73.04
5371,113.54
5372,111.56
5373,125.41
5374,101.68
5375,165.47
5376,133.97
5377,115.9
5378,181.17
5379,153.2
5380,60.39
5381,347.57
5382,478.93
5383,84.35
5384,203.29
5385,463.02
5386,229.37
5387,85.33
5388,267.43066666666664
5389,155.59
5390,178.82
5391,53.22
5392,188.64
5393,96.11
5394,182.46333333333337
5395,348.9
5396,240.13
5397,71.23
5398,233.165
5399,108.16
5400,106.07
5401,169.01
5402,196.01
5403,322.92
5404,86.16
5405,201.45
5406,171.51
5407,131.82
5408,360.09
5409,58.03
5410,290.91
5411,83.55
5412,113.45
5413,133.63
5414,83.59333333333332
5415,355.26
5416,107.33
5417,70.72
5418,118.95
5419,63.3
5420,177.96
5421,184.59
5422,192.91
5423,164.37
5424,45.63
5425,333.87
5426,55.71
5427,72.7
5428,69.8
5429,336.65
5430,132.47
5431,104.14
5432,84.42
5433,191.51
5434,131.77
5435,118.98
5436,75.5
5437,204.27
5438,111.32
5439,109.09
5440,94.36
5441,103.97
5442,126.47
5443,230.04
5444,162.51
5445,85.67
5446,411.16
5447,221.3
5448,351.89
5449,164.22
5450,391.14
5451,91.69
5452,174.28
5453,236.49
5454,87.08
5455,282.8012380952381
5456,246.78
5457,125.93166666666667
5458,167.66
5459,259.84
5460,114.81
5461,104.7925
5462,294.76
5463,164.64700000000002
5464,317.68
5465,316.88
5466,73.18
5467,97.48
5468,423.84
5469,98.82
5470,316.85
5471,158.53
5472,105.02
5473,89.7
5474,81.375
5475,129.34
5476,122.44
5477,159.42
5478,90.11
5479,54.92
5480,77.52
5481,107.7
5482,158.62
5483,190.09
5484,117.77
5485,101.24
5486,158.01
5487,199.48
5488,115.85
5489,122.03
5490,103.19
5491,158.86
5492,165.0
5493,94.5
5494,60.52
5495,122.81
5496,281.62
5497,138.9091666666667
5498,194.67
5499,133.81
5500,90.89
5501,414.87
5502,94.84
5503,300.16
5504,99.7
5505,86.09
5506,72.79
5507,117.44
5508,93.5
5509,257.32849999999996
5510,130.57
5511,86.18
5512,135.47
5513,412.13
5514,160.39
5515,226.1
5516,152.34
5517,150.24833333333333
5518,443.52
5519,108.23
5520,165.74
5521,97.1575
5522,223.56
5523,84.49
5524,282.67
5525,88.27
5526,75.73
5527,202.26
5528,255.69
5529,219.63
5530,262.65
5531,213.91
5532,60.93
5533,150.62
5534,174.54
5535,57.39
5536,96.54
5537,368.17
5538,192.05
5539,154.85666666666665
5540,238.78666666666663
5541,68.31
5542,112.99
5543,202.2
5544,65.64
5545,90.58
5546,109.53
5547,234.24
5548,168.05
5549,171.84
5550,52.68
5551,61.36
5552,76.63
5553,99.66333333333333
5554,130.88
5555,94.15
5556,58.13
5557,94.69
5558,342.68
5559,154.24
5560,86.82
5561,108.18
5562,187.19
5563,82.58
5564,247.33
5565,116.26
5566,120.72
5567,84.76
5568,64.46
5569,206.19
5570,169.88
5571,81.05
5572,160.56
5573,160.46
5574,183.73933333333335
5575,102.0
5576,87.02
5577,79.67
5578,122.77
5579,171.02
5580,353.525
5581,181.29
5582,174.41
5583,185.81
5584,303.16
5585,193.46
5586,213.84
5587,282.24
5588,91.34
5589,72.39
5590,190.93
5591,234.94
5592,84.79
5593,390.43
5594,76.17
5595,63.05
5596,90.77
5597,257.17
5598,77.4
5599,57.8
5600,83.91
5601,137.72
5602,250.84
5603,112.7
5604,146.12
5605,327.5525
5606,154.1
5607,132.04
5608,168.49
5609,280.8
5610,256.45
5611,65.31
5612,128.94
5613,103.04
5614,148.89
5615,81.14
5616,98.66
5617,93.46
5618,133.5325
5619,124.33
5620,118.96
5621,101.62
5622,167.15
5623,73.99
5624,93.22
5625,76.3
5626,162.2
5627,181.48
5628,140.72
5629,188.56
5630,92.67
5631,271.7
5632,70.38
5633,161.61
5634,81.43833333333333
5635,276.493
5636,151.1
5637,211.35
5638,152.29
5639,124.54
5640,98.84
5641,131.04
5642,60.38
5643,75.22
5644,164.37
5645,118.35
5646,85.18
5647,166.81
5648,139.38
5649,127.9
5650,249.34
5651,53.57
5652,69.05
5653,160.36
5654,83.87
5655,173.05
5656,85.12
5657,99.04
5658,69.39
5659,160.16
5660,189.45
5661,57.8
5662,93.67
5663,124.99
5664,128.15
5665,132.7
5666,83.24
5667,155.5
5668,128.34
5669,95.88
5670,194.95
5671,94.45
5672,114.57
5673,162.91
5674,116.36333333333334
5675,120.51
5676,137.88
5677,87.51
5678,122.43
5679,150.46
5680,175.85
5681,156.85
5682,143.47
5683,210.53
5684,85.45
5685,97.52
5686,273.26
5687,266.635
5688,123.24
5689,162.86
5690,210.25
5691,149.66
5692,152.79
5693,89.44
5694,172.77
5695,177.03
5696,180.75
5697,216.6
5698,181.58
5699,90.16
5700,177.02
5701,79.75
5702,138.84
5703,234.07666666666665
5704,87.43
5705,360.29
5706,173.52
5707,79.68
5708,64.75
5709,164.28
5710,80.52
5711,88.94
5712,124.39
5713,347.64
5714,412.3
5715,70.64
5716,118.44
5717,54.6
5718,84.84
5719,140.57
5720,297.8
5721,83.04
5722,76.17
5723,134.01
5724,148.29
5725,105.06
5726,176.89
5727,65.46
5728,123.57
5729,160.85
5730,115.83
5731,131.41
5732,202.66
5733,84.86
5734,72.74
5735,85.55
5736,152.6
5737,83.24
5738,108.26
5739,201.81
5740,89.6
5741,152.2
5742,57.78
5743,86.18
5744,186.02
5745,205.52
5746,70.09
5747,233.74
5748,145.96
5749,159.31
5750,141.26
5751,262.23
5752,65.69
5753,56.5
5754,82.61
5755,235.08
5756,91.71
5757,113.46
5758,148.9
5759,67.96
5760,83.97
5761,371.84
5762,150.186
5763,249.32
5764,255.58
5765,111.06
5766,162.72
5767,291.71
5768,176.46
5769,141.16
5770,160.92
5771,82.19
5772,132.13
5773,158.35
5774,152.59
5775,207.07
5776,288.69
5777,167.64
5778,315.17
5779,46.31
5780,269.36
5781,84.75
5782,161.35666666666668
5783,69.31
5784,192.32
5785,58.09
5786,258.98
5787,258.28
5788,106.87
5789,77.25000000000001
5790,75.19
5791,117.07
5792,134.65
5793,90.96
5794,140.88
5795,144.96
5796,78.91
5797,109.66
5798,155.56
5799,185.97
5800,83.52
5801,120.61
5802,245.48
5803,218.06
5804,136.91
5805,87.1
5806,210.54
5807,161.22
5808,169.84
5809,86.71
5810,141.869
5811,86.22
5812,171.42
5813,161.85
5814,292.88
5815,85.57
5816,47.87
5817,176.71
5818,94.59
5819,147.29
5820,54.81
5821,315.03
5822,125.82
5823,213.17
5824,95.41
5825,147.69
5826,96.72
5827,127.55
5828,156.44
5829,144.51
5830,111.32
5831,71.0
5832,257.44
5833,114.29
5834,286.61
5835,133.67
5836,255.13299999999998
5837,85.3
5838,98.27
5839,106.38
5840,97.23
5841,86.42
5842,126.91
5843,163.39
5844,85.18
5845,95.98
5846,368.66
5847,181.47
5848,64.63
5849,72.015
5850,174.14
5851,129.92
5852,73.62
5853,85.22166666666668
5854,171.81
5855,120.13
5856,380.63
5857,162.46
5858,87.2
5859,163.97
5860,57.84
5861,156.76
5862,126.94
5863,89.02
5864,74.03
5865,241.79
5866,161.54
5867,117.08
5868,161.96
5869,188.08
5870,152.87
5871,196.01
5872,87.82
5873,112.06
